Date,Open,High,Low,Close,Volume
20150219,0.33,0.33,225,244,46.27631267
20150220,240.25011809,245,240.25,240.25,55.894897
20150221,245,245,245,245,14.72223865
20150222,245,249,235,235,129.12124785
20150223,235.00000236,235.001,235,235,96.56756248
20150224,235,239.75,235,239.75,149.15439319
20150225,239.75,239.75,237.75,237.75,221.58409525
20150226,237.75,239.79999999,237.75,238.5,0.15548793
20150227,238.49999999,249,238.49999999,249,383.75542307
20150228,240,251,240,240.00006025,17.14733576
20150301,240.0001205,251,240.0001205,251,0.31771523
20150302,252,269,251,269,98.06380478
20150303,268,274.5,255,267.21999999,442.98306981
20150304,258.87499998,280.00000001,258.87499998,280,245.88902268
20150305,257,280.89,257,257.00012,117.44068512
20150306,269.00014063,271.00199999,260,260,84.1979488
20150307,260.00000522,260.00000522,260.00000522,260.00000522,0.1819948
20150308,265,275.002,260.000031,260.00003101,30.90034888
20150309,260.00003101,285,260.00003101,264.00000533,128.36703757
20150310,264.00006385,291,264.00006385,291,54.9617595
20150311,279.00010602,292.95011129,276.00000001,276.00000001,42.51193654
20150312,289.00010602,289.00010602,276,276.00000112,2.90989245
20150313,276.00000111,300.99999959,275.11000009,275.11000009,57.61315621
20150314,275.1100001,275.1100001,275.1,275.10000036,48.31005732
20150315,275.10000036,282.10800036,275.1,282.10800036,29.45410779
20150316,300.9999995,300.9999995,275,275,25.56468549
20150317,275.00000003,275.00000003,275.00000003,275.00000003,0.00903375
20150318,275.00000009,282.00000001,262.09000001,262.09000001,164.91127158
20150319,267.01000006,267.01000006,248.82158047,264.84631516,713.90420443
20150320,254.89895127,267.97667574,254.82343263,263.56083094,132.72576304
20150321,263.56083094,263.56083094,254.69135706,263.19298262,201.15512365
20150322,265.13784797,267.51684843,263.77341,267.51684843,64.37844695
20150323,270.32946018,274.29809789,260.67351138,260.67351138,61.85038999
20150324,263.01895538,271.59604827,242.5255,242.52550736,490.1802634
20150325,272.99999999,273,247.47551488,247.47551488,90.86237357
20150326,251.36855193,251.36855193,242.5255,242.5255,2.29937799
20150327,253.22011045,253.3527,242.91750001,253.3527,0.66353649
20150328,243.68190247,258.88067929,243.6819,248.72849578,7.06152934
20150329,252.0705,252.0705,247.96933001,247.96933001,8.52654866
20150330,242.52550001,254.35279355,242.52550001,254.35279355,29.65461869
20150331,253.5414,253.7301,242.5255,249.33852966,28.4810826
20150401,239.87000019,250,239.87000019,249,14.48312746
20150402,245.47586455,255,229.00000001,255,62.12227939
20150403,253.5,255,253.5,255,27.37145069
20150404,252.58700541,254.42717667,248.9973997,254.42717667,184.24982176
20150405,252.07634469,262.66977114,252.07634469,254.69622183,125.3818785
20150406,254.69622183,254.69622183,254.69622183,254.69622183,0
20150407,253.88325,257.80755,252.10286502,253.116,366.91079197
20150408,251.4816875,268,245.691,248.28703147,396.66497159
20150409,245.55949496,269,240.88000001,269,910.71756702
20150410,243.55500001,249.89999998,99.00000007,236.195,447.02395048
20150411,233.1575,249.89999997,230.10000001,234.8725,2872.85547934
20150412,234.8725,235.735,230.10000001,232.05,1952.86838181
20150413,232.05,245.99999999,230.10000001,245.99999987,91.93343856
20150414,234.000076,234.000076,213.7184,219.90926541,373.40081642
20150415,219.90926541,225.1395,217.69520791,225.1293,100.65758018
20150416,226.26174864,229.57789808,221.29080708,229.57789808,266.68959913
20150417,224.7876,226.62358212,222.9346875,223.48807719,45.82083968
20150418,221.65615001,221.65615001,221.5,221.5,44.30036632
20150419,225.5,225.5,223.57789808,223.57789808,21.87361402
20150420,223.57789808,229.5051,223.57789808,223.57789808,13.07389511
20150421,223.57789808,233,223.57789808,229.7512,31.42439658
20150422,238.374,238.374,230.5666,230.5666,36.92635588
20150423,230.5666,238.374,229.6777,231.55429753,70.24516087
20150424,231.6475,235.49749476,223.57789808,235.0896,1.94459737
20150425,223.57789808,233.0649,223.57789808,223.57789808,1.4623462
20150426,223.57789808,223.57789808,206.56436228,212.1681,555.12722339
20150427,219.00999999,219.01,214.2427,219.01,390.55060327
20150428,227,227,227,227,0.05964652
20150429,227,227,227,227,4.99999961
20150430,227,255,227,241.997374,389.75127612
20150501,241.997374,243.432375,233.1665,233.1665,26.83685811
20150502,235,235,235,235,3.538395
20150503,235,239.4042,235,239.4042,92.86170078
20150504,235.52829126,239.4042,233.99829863,233.99829863,48.37681151
20150505,233.1763,233.1763,229.6875,231.0154,1.16104856
20150506,229.7414,240,225,225,0.26766011
20150507,226,226,225,225,0.06254532
20150508,240,249.53240001,240,249.53240001,29.08440758
20150509,239.806,249.53240001,238.5565,238.5565,115.36779752
20150510,246.25,246.25,246.25,246.25,0.464723
20150511,225,246.25,225,241.1937,133.68748296
20150512,239.07113593,244.90444044,239.07113593,244.90444044,5.19530753
20150513,239.39988755,239.39988755,239.39988755,239.39988755,0.10212799
20150514,240.77139588,249.53240001,236.01,243.26620001,318.9187259
20150515,243.26620001,254,237.005,243.31250001,34.76105879
20150516,244,252.99999999,243.31250001,243.5,115.80995806
20150517,243.5,249.99999999,243.31250001,243.31250001,44.42495523
20150518,240.5,245.5,235.00000001,242.42424242,31.34106169
20150519,242.00000017,260,230.5,243.99999999,20339.31806626
20150520,240.00000001,243.99999999,232.00000002,232.52023435,21723.68279538
20150521,233.14749997,233.14749997,230.83999767,232.52549999,9008.53353363
20150522,232.52549999,237.40539423,232.52549999,236.50775007,69.01840017
20150523,239.99999999,242,235.6075675,241.78343249,26.57979491
20150524,241.95,243,235.65603177,243,32.50679829
20150525,236.92205,242,234.15866811,234.947125,23.09186949
20150526,240,241.6212575,234.326575,235.32585376,72.35565596
20150527,235.66789119,241,235.66789119,239.8186175,10.55710102
20150528,240,241.72665748,236.913,237.7,271.72154245
20150529,238.51,243,237.34458299,237.35460214,142.42675822
20150530,237.35466667,237.99999999,234.326575,234.326575,10.13073056
20150531,234.326575,240.99999999,233.00000001,233.00000001,37.80401453
20150601,233.00000001,239.9799959,231.33781455,231.33781455,75.92108586
20150602,230.83999762,234.99999967,223,232.9999998,157.29018026
20150603,225.00000354,232.99999995,224.00000001,232.99999995,64.01656863
20150604,229,229,225,225,13.93599046
20150605,225.00000001,229,225.00000001,229,8.14584367
20150606,224.00001675,227.00000008,224.00001675,226.99999844,23.68322609
20150607,226.99999843,243.00000001,225,230,282.74741483
20150608,226.00000001,229.999999,226.00000001,229.999999,4.62412547
20150609,235,237,230,230,48.57459771
20150610,237,238,230,237,136.51135673
20150611,229,239.99899992,229,239.99899992,21.77331682
20150612,229.5,239.99899992,229,230,12.05289186
20150613,239.99898999,239.99899992,231.00000001,239.99899992,44.03222386
20150614,232.50000001,239,232.50000001,239,1.57189746
20150615,234.00000001,237.49999999,234.00000001,237,59.97970517
20150616,237,241.80000001,234.32,234.32,95.7334639
20150617,234.32,250,234.32,250,357.92998908
20150618,245,254,245,252.76067842,268.48433653
20150619,250,256.64346013,243.0141492,249.99999989,913.00284734
20150620,244.93383776,249.99999989,238.00000001,241.704225,413.73278585
20150621,240.197175,246.49999999,238.74611776,246.49999999,198.26959477
20150622,246.49999999,250.95562501,243.18145623,245,270.64727355
20150623,249,249,244,244,17.84842109
20150624,246.7871,247.85175,233.79446564,237.14437355,2044.6173318
20150625,238.63595,245.49772898,238.63595,244.25750294,265.99415173
20150626,244.00000245,244.8,239,244.8,35.3613774
20150627,240.00000241,250,240.0000024,250,170.1315464
20150628,245,249.98999999,245,249.98999999,0.59480794
20150629,249.98999999,255.67500001,246.90192338,255.66999999,62.7340424
20150630,255.41815473,263.8815,255.17352623,259.365275,206.41433163
20150701,259,263.05759894,253.65851835,263.05759894,289.88160875
20150702,255.83983613,256.92304903,255,255,31.04867242
20150703,255,256.22301049,255,256.22301049,19.14722713
20150704,256.22301049,257,253.48779475,257,92.01619297
20150705,257.5,276.58553125,254.53392093,266.99,403.89512783
20150706,270,300.9999993,266,268.03348967,358.56788491
20150707,265.24512018,267.65000001,262.89154266,262.89154266,92.56543244
20150708,267,276.46321919,263.482575,270.00000001,368.42765109
20150709,270.58884859,270.5888486,265.77514014,267.1,288.7726741
20150710,270.09999999,289.32575,270.09999999,286,822.37743056
20150711,265.41403,298.25850978,265.41403,290.00000001,522.02955941
20150712,298.60792499,312.24054041,296.10649522,312,825.14478181
20150713,307.00000001,307.00000001,270.00000001,288.88888699,1000.27753806
20150714,288.888887,292.84749999,288.88888699,288.888887,76.58335418
20150715,292.84749999,292.8475,283.32791599,283.32791599,278.76282758
20150716,280.233,292.8475,280.233,281.43066515,510.18357931
20150717,281.43066515,281.43066515,274.74360024,280.134925,268.20186227
20150718,275.568525,275.57345,274.24387431,275.519275,29.80335682
20150719,281.45442499,281.454425,272.90902501,277.99999883,108.53770902
20150720,277.99999883,282.49798267,274.14820466,281.9264,273.78471774
20150721,282.54083484,285.99878125,279.1,279.86050498,327.67267473
20150722,278.00000001,282.794225,278.00000001,278.00000001,485.10670976
20150723,278.00000449,278.00000449,278,278,51.5790752
20150724,278,284,278,284,167.5047101
20150725,283.75387501,294.16835476,283.75387501,283.93117501,211.14607554
20150726,293.92369999,293.92369999,286.90364013,288.05340001,3.26348367
20150727,285.40000001,293.19131973,284.866925,293.19131973,256.06094625
20150728,293.10620822,294.38714898,290.35343548,291.45133763,80.50339422
20150729,294.07110119,299.4672167,291.45133763,295.14679126,428.81935555
20150730,292.36183522,293.39719705,284,284.61055662,239.13508551
20150731,284,287.88215399,284,285.049,29.23487883
20150801,284.00000001,284.00000001,275.7245078,279.84502254,301.37639242
20150802,280,286.438075,280,286.438075,106.5638591
20150803,285.4383,288.96564431,284.28627499,288.96564431,75.70679403
20150804,281.10448572,288,281.10448572,288,11.94721831
20150805,288.19999998,288.965425,279.79331405,287.5698,9.29752713
20150806,279.79331405,283.738175,275.637475,283.738175,167.08972647
20150807,277.22849063,277.22849063,275.9225,275.9225,62.18237138
20150808,280.99991008,282.235975,262.64762661,263,1032.69471792
20150809,263,269.75811042,262.101,268.86343705,410.00762714
20150810,266.21932357,266.21932357,262.1,266.21932357,9.52216239
20150811,266.21932357,269.25604587,261.60615343,269.25604587,247.49436684
20150812,269.25604587,275.6263664,263.32859493,265.413175,682.18727975
20150813,263.39255361,269.87728091,260,263,838.98645622
20150814,260.143425,265,255,265,556.22575402
20150815,265,267,258.27685,258.27685,147.73850257
20150816,257.89777067,264.818575,256.76429583,256.76429583,247.33524901
20150817,257.00000516,263.884775,257.00000516,262.37255219,115.70648577
20150818,262.38059156,262.38059156,174.57013394,178.7193125,2979.91680061
20150819,191.29999999,241.876825,191.29999999,226.99999929,5214.46440764
20150820,226.99999785,241.75778125,226.99999785,234,1900.49598303
20150821,229.65637733,242.0500026,228,233.13000186,2623.03047514
20150822,233.13000271,285,225,230.25950309,1097.99004162
20150823,230.25950309,236.14959975,226.43859881,228.4526468,369.92537078
20150824,228.4526468,236.99999909,201.45752417,211,6440.35548189
20150825,214.965,219.99000003,197.57400001,219.99000003,5064.27486289
20150826,219.99000003,227.99000003,216.15825722,227.97999999,1337.59870511
20150827,222.00000001,229.19941841,208.3,219.99999999,1607.02008258
20150828,215.4287159,233.99000003,212.183456,230.14,306.69311794
20150829,232,235,220,235,925.51764615
20150830,226.90000001,226.90000001,211.01100212,215.025,973.41945106
20150831,215.00000001,226.9,211,225.04000001,624.09319036
20150901,226.11789796,229.5,223.32478814,223.94469998,995.59920308
20150902,226,232.99999999,222.28830581,226.00000001,391.79088737
20150903,226.00000001,232.67213551,224.35971855,231.00000001,163.11990688
20150904,225.00000001,231.00000001,225.00000001,231.00000001,272.20435639
20150905,231.00000001,238.99000003,226.54264212,233.00000001,1058.47759632
20150906,233.00000001,243.22733484,233.00000001,237.7529,746.77449908
20150907,241.4,245,236.5,244.9,1928.74056669
20150908,243.5,243.5,239.90000002,239.90000002,27.7990218
20150909,242.99999999,243,236.5,240.59999943,772.01918011
20150910,240.59999866,243.83099999,236.50000001,243.83099999,172.41081462
20150911,236.60000033,255.00000001,236.37099997,238.70000001,1385.38482169
20150912,238.70000001,244.90709278,236.61000002,240,696.20053029
20150913,237.60200001,237.60200001,226.5,226.5,487.20956036
20150914,233.97779999,233.97779999,226.50000021,228.50000008,201.70637489
20150915,228.50000286,232.9999994,228.50000285,232.99999594,120.33838143
20150916,232.99999594,233.47357311,230.00003003,230.00003006,41.9559744
20150917,231.47357312,235.68915619,231.47357312,232.50000003,99.69752976
20150918,232.70000005,238.26400001,232.50000051,238.26400001,61.31583346
20150919,233.50000101,235.8,231.47357311,234.47,177.84208562
20150920,234.47,234.47,231.47357312,234.47,67.14402084
20150921,233.00000001,233.00000001,227.16978664,227.49998999,374.66359751
20150922,227.49998999,232.49999989,225.91,226.516353,637.70344267
20150923,227.5413,232.4999999,227.5413,228,77.82579095
20150924,230.30000001,235,228,235,619.6479114
20150925,235.52,238.26400001,232.01000001,238,210.62325746
20150926,238,238.00000001,232.5,233.000001,115.85075894
20150927,233.000007,237.09999999,233.000007,233.00050075,28.9457349
20150928,237.09998269,243.493875,232,243.19999998,8239.10441721
20150929,243.19999999,245.4999,234.68665,242,6796.32023097
20150930,242.14,245.4,233.000001,238.00000001,680.52383966
20151001,236.00000001,242.69999999,236,242.69999999,244.76810362
20151002,242.3,243.5403,236.20001,240,458.57828883
20151003,241.67548782,242.999,237.99,242.979,30.56132704
20151004,238.16725533,242.979,237.99,242.969,53.28731742
20151005,238.8,242.969,236.97900001,236.98,131.76992734
20151006,238.0878687,249.76639999,236.98000001,242.25,520.03352388
20151007,242.25,252.38676,241,243.00000001,586.72694405
20151008,248.49999932,248.49999932,242.06,242.30000243,262.51352771
20151009,246.89,246.89,242,244.00000001,443.07583373
20151010,246.4,246.5,242.40020005,243.1,101.51466383
20151011,243.1,248.28210623,243.1,248.28210592,950.06038715
20151012,243.5092607,248.37944518,243.5092607,244.6001001,195.01732935
20151013,244.6001001,250.39999882,244.6001001,248.47210201,280.83323319
20151014,250.38777646,257.26208372,247.15829748,252.29997287,736.39530531
20151015,253.99999995,262.66813468,251.02606982,259.2432,1223.80879756
20151016,259.50329999,266.08098303,254.00954551,266.08098303,796.79748632
20151017,266,277.6389,261,267.04218175,699.356047
20151018,272.99999996,272.99999996,261,269.99999999,1209.76779022
20151019,261.50000001,269.99999999,261.50000001,263.00000023,205.73973397
20151020,267.44400081,275.5,262.00000001,275.49999,1011.0685634
20151021,275.49999,275.49999,261.9246,266.30000001,2331.3783515
20151022,266.30000001,276.14700001,261,276.14699996,2238.98496921
20151023,270.31000003,284.29949888,270.31000003,277.86212966,917.39832526
20151024,278.49899517,283.92550526,278.49899517,280.00001,435.87485692
20151025,283.05999998,298.73999999,281.60227631,287.85000016,4739.14131151
20151026,287.85000018,291.01634988,279,281.49999999,3372.45297058
20151027,281.59999999,298.5,281,297.49999395,5466.31294789
20151028,297.69996256,307.75,281.01633477,295.19768986,6478.98043305
20151029,295.5,314.6753,293.31363296,312.59999894,7229.67027246
20151030,312.59999894,326.87000009,307.1,326.87000009,15426.06825397
20151031,326.8700001,332,306.45969915,310.00000001,9455.35534492
20151101,312.08011732,328.96200408,312.08011732,326.74446166,1128.35413233
20151102,326.744471,370.02602501,320.366901,369.02958148,10188.31647562
20151103,366.1,424,355.87499999,400,28008.4737616
20151104,399.99,477,359.48965566,393,50090.55955153
20151105,393,416.05800073,366.71097058,383.09999996,22723.78031612
20151106,382.50000001,398.88888888,350,379,15753.9061563
20151107,367.30009891,397.3333333,367.30009891,390.99999994,14135.54767876
20151108,384.500001,389.35,369,371.00000001,3371.05062955
20151109,371.00006667,387.9099995,362.99999999,384.55,11796.61678413
20151110,382.51554957,385.63229092,327.70000002,335.20014911,13633.17558794
20151111,335.20014905,341,303.33311004,313.13,24073.00331861
20151112,313.13,343.29180826,308.99607256,339,8966.00556231
20151113,339,343.10639329,325.00000001,339.01194,6071.59637035
20151114,336.99999899,340.19,332.2,340.19,3876.89106148
20151115,340.18999999,341.1,318,318,27998.28341889
20151116,318,336.00400001,318,332,3587.00092425
20151117,334.99999222,340,331,334.01010403,5314.08033778
20151118,338.49998933,341.77699995,334,336.31001221,3288.34249066
20151119,336.31001223,337.89998789,320.10000001,328.999999,5716.69682478
20151120,332.949999,332.95,317.99999999,327.50000001,5201.18951038
20151121,323.49999999,335.34000003,323,328.79999999,4224.14769499
20151122,325.5000414,334.68999999,323.1,331.9,3956.72574788
20151123,328.75,334.69,324.00004591,325.47,415.49691086
20151124,329.99,329.99,321,321,5114.09038296
20151125,327.9998999,329,318.10010001,326.99,4363.41308284
20151126,328.989999,366.95586085,326.99047556,355.10127219,12795.53470417
20151127,355.10130018,378.888888,349.00000605,361.99995456,5368.60568671
20151128,361.99995456,364,354.00000001,356,8422.3282943
20151129,357.100001,378.888888,356.50014836,375.00000004,2090.20380147
20151130,375,385.00000001,371.99999999,379.49999999,4270.35881246
20151201,379.39999999,379.39999999,355,364,6039.86433605
20151202,356.450002,366.36659,353.525125,365.65493181,3623.81496124
20151203,365.46090835,375,356.00000801,366.99999998,2682.53387575
20151204,364.99999941,366,355.12278158,365.51,4006.18956686
20151205,365.49,392.265,360.12706417,380.45053057,14923.9584081
20151206,389.99999944,400.00000001,380.99663008,390.30007076,9688.91212093
20151207,397.99999989,403.00000001,388.00009037,394.20032806,6553.67471525
20151208,398.5,418.5542986,392.20000001,418.5542986,8458.64850158
20151209,413.00000018,428.99999997,404.48417735,421.9999999,14490.17812562
20151210,420.51425536,425.17679999,410.000021,425.17679999,5793.98207009
20151211,420.00000027,456.65800001,418.63267478,452.70000009,22657.15254636
20151212,445.79596711,468,405.66284539,430.15422975,24374.04001909
20151213,427.86722266,444.99999993,423.25,433.00000202,8316.76869106
20151214,433.04088808,449.49498,431.00007782,443.09999999,4180.87865293
20151215,443.00000009,465.15045069,442.99999993,465.15045061,15161.60372743
20151216,465.15045049,468.49999999,445,453.000001,10825.19994283
20151217,455.99999999,457.9999,451,453.500001,1346.45368139
20151218,453.500001,465,453.000001,460,5049.65580533
20151219,458.000001,466.929,452.130001,460,11513.43735268
20151220,456.81643452,460,431.01,438.10101011,11042.25379025
20151221,443.09925,443.0999999,426,439.7999,11583.495905
20151222,432.2589971,439.83131689,432.2589971,434.84381765,6790.83811122
20151223,434.00000001,446,434,445.67999996,2590.72813707
20151224,445.67999,464.88566999,441.52188074,453.06292574,5436.33844866
20151225,453.0630166,459.39999999,450,455,1783.49667733
20151226,455.99999989,460.999999,409.000166,418.53822857,11361.05410045
20151227,420.95017872,429.68242294,412.32,421.24000002,5994.61615054
20151228,423.08,431.69037499,417.00000001,423.59556697,3195.21888091
20151229,421.1,437.0783412,421.1,427.00000001,3568.15835775
20151230,433.2,434.07,420,425.12,3505.68330624
20151231,424.27,430.57315002,417,430.57315002,2539.67580514
20160101,428.26000202,435,428.26000202,434.98999999,2975.02694268
20160102,434.98999999,438.13999999,430.5,436.9499,944.85328936
20160103,432.31,435.61499822,426.45308869,428.14,683.91847
20160104,427.29114142,435.999999,427.29114042,432.00001111,724.97600445
20160105,430.14021095,435.999999,429.5695,430.37677352,427.64728309
20160106,430.17047263,434.99999973,427.290001,427.50002018,819.34482713
20160107,427.50057343,458.89700208,427.50057343,458.89700208,10706.24231174
20160108,451.10001118,468,446.99999999,453.05,5912.94840652
20160109,453.05,457.3980537,447.00037915,447.420001,1879.48546964
20160110,447.420001,453.02999998,440.02000706,450.72851988,9116.86086338
20160111,448.77,455.66999999,444.89,447,7224.81225238
20160112,448.08324386,448.62,434.07784163,434.4962313,7525.82848928
20160113,433.4962313,439.69999998,424.001,433.68500408,9072.75886437
20160114,428.53476603,434.99999999,424,429.49640246,2267.46968672
20160115,428.88954001,429.49640246,358.000006,362,27192.75979869
20160116,357,387.99999999,333.6,386.4618669,19523.98472643
20160117,386.46186691,394.1,369.71695546,370,13842.4998052
20160118,371.44223035,399.94999999,367.11112952,388,22196.01999022
20160119,393.89998999,395,376.73464414,378.50200171,8779.08855613
20160120,379.502007,422.88270948,377.4225,422.88270948,15387.14149928
20160121,418.00000397,420.42999999,401.43089234,406.0000001,6751.03616056
20160122,405.0000003,413.26513434,375,380.97271858,6756.02213209
20160123,378.02890176,404.36071952,378.02890176,389.94000001,13328.05830136
20160124,385.00000003,407.91799999,378.80930001,402.85787573,10516.92480948
20160125,404.82937107,406.80087625,384.90950034,391.17000081,18108.31186502
20160126,390.26000002,399.65700001,384.90950034,395.11999999,15647.27354435
20160127,387.79,401.17609864,384.332,396,12979.7346639
20160128,391.19000101,391.19000101,374.68813274,378.0000001,11050.97176019
20160129,376.98,381.0000001,357.59046709,376.8600002,12980.18192613
20160130,378.94281121,380.5,371.2,378.66999987,1781.19602242
20160131,380.22999999,380.5,362.60000001,367.33999995,8407.72255208
20160201,367.33999991,380.09999995,360.5,370.45,13509.41891094
20160202,376.09,377.7777777,368.67145259,368.6900001,5604.44787387
20160203,368.81387894,373,351.8881965,358.52,9004.93684017
20160204,360.00002945,389.59999999,358.51,389.59999999,17028.530682
20160205,385.7773098,397.97511686,380.3530589,385.98899663,22708.10009319
20160206,388.18962933,388.18962933,371,377.63999823,15583.53414189
20160207,376.96999674,381.67419373,368.99999823,372.99999916,15932.59275596
20160208,372.99999916,379.00999997,369.09999999,369.65447893,6479.48321648
20160209,373.21999972,380.49,369.65451242,376.71518383,20723.32240604
20160210,376.98829552,385,364.1000001,382.97999999,37846.45175219
20160211,382.98,388.254,371.00000001,387.95,21454.516881
20160212,378.34879972,415.01869658,320,385,56849.66494514
20160213,384.31,397.99999998,380.31135223,391.98999996,44799.38904767
20160214,391.98999996,406.00000681,390.01050005,404.88887998,29671.13864735
20160215,398.00001134,408.7,397.59,403.8416231,40996.12487407
20160216,399.00000362,412.79999999,399.00000352,408.00000009,26228.93154111
20160217,411.49999999,426,399.55,413.50000048,48770.63843345
20160218,413.50000535,424.76999998,411,418.10000823,34912.88661748
20160219,420,424.8,413.00000001,417.00000354,14617.06581747
20160220,416.001,440,416.001,436.5100001,37972.04766773
20160221,436.99999009,445,420.48999982,441.00000442,35817.96966889
20160222,441.00000442,441.00000442,429.17,440,23594.55422733
20160223,440,440.00000001,413.42,416.10000178,60429.45297098
20160224,416.10000178,425.09999896,405.99500043,409.45245,39025.54904354
20160225,409.453,425.70181751,384.02000001,422.999999,77657.33776091
20160226,420,432.48000001,411.88900001,432.48000001,37088.59457624
20160227,429.00000552,434.99999,421.00100001,425.52,18908.51511429
20160228,430,439.44,380.99999,432.84999997,71879.58639651
20160229,431.55004679,441.30464888,431.55004679,436.1,30212.28504225
20160301,440,442.89999999,424.73000001,434.00000001,53433.06313699
20160302,432.3700057,438.9999999,422.13646503,425.98623253,35872.40546759
20160303,423.50910522,433.89,408.08999991,417.24,81434.40448315
20160304,422.499999,437.4944444,393.33,408.14999999,79482.19429671
20160305,400.40000001,410,378.88,392,129675.78057729
20160306,391.999,433,378.99,407.00000002,119132.11979732
20160307,407.00000002,420.02688172,401.7,409.9,62823.92444519
20160308,409.90000001,415.60594081,402.83042801,410.40000001,47787.9324513
20160309,410.40000001,415,401.00000003,404.4,82827.86906176
20160310,404,419.9,402.25185002,416.60126,64807.42080052
20160311,417.3,424.44475104,413.98,421.1,39582.40035558
20160312,421.09999999,422.06999999,406.57296965,410.5,118475.77071643
20160313,410.64106349,416.58836052,403,410.79,67860.07352421
20160314,403.88641349,420,385,411.95000001,174393.54265204
20160315,413.16000001,419.98956999,408.05,413.49000459,32758.04558617
20160316,413.49000459,419.9,409.48402084,418.1,39999.95745837
20160317,418.1,428.85247103,414.5,418.30999999,74062.69656392
20160318,418.30999999,421,395.00010001,404.91999981,149460.46486619
20160319,401.02100001,416.795,400,404.25730345,68209.42580957
20160320,409.22999976,415.71129614,404.26,409.98,39316.06686728
20160321,409.00000001,412.98,402.92,404.36491835,65750.7879139
20160322,406.56757875,418.59410249,403.96155785,414.99458,47490.18751185
20160323,414.99958,423,413.67326001,416.6,32499.02786897
20160324,416.6,423.81442871,414,418.8,57163.65425816
20160325,418.00000001,418.88,413.50108799,416.71542144,9248.62912324
20160326,415.47795858,420.59117429,413.93,418.32335169,23467.42120272
20160327,415.271,428.99999996,415,424.0852,50868.76451029
20160328,424.1252,428.75209124,420,425.39092016,48232.4741829
20160329,421.1000001,428.5,410,416.965,74052.5605586
20160330,416.965,420.499,410,414.3,106608.59953261
20160331,416.7734024,420.42259642,414.30000001,417,16043.0095792
20160401,416.0000001,420.04,416.0000001,418.2,12339.2326862
20160402,418.59,424,418.00000001,421.56301498,68343.11854222
20160403,419.91910001,424.5,419.91910001,423.99899758,65653.62855696
20160404,421.90816998,423.999,420.2,420.50000777,26764.47646093
20160405,422.80000782,425.887,420.20000007,424.15999996,32694.42101929
20160406,424.15999995,425.938118,420.55,422.49957852,35692.79788744
20160407,422.92250103,424.7050012,420.083,423.99999994,19851.51911763
20160408,421.96837823,426.5,418,419.00010005,54145.06645227
20160409,419.001,426.7,414.140001,420.5,55845.45172203
20160410,417.62721002,425,415.1500001,419.71930424,90353.82208384
20160411,419.71930424,424.77,419,422.75262835,16320.47263178
20160412,423.17538097,429.98,422.4,424.89,69844.33423397
20160413,426.5,427.5,423.24,425,29207.16247342
20160414,424.56576567,428.999,423.511,427.17996899,35223.39463007
20160415,427.1799692,437.30488611,424.81799693,430.61709605,28984.00151681
20160416,430.61709605,436.34562405,429.599999,430.85,20080.51611305
20160417,431.43100004,438.79118705,426,428,71854.77239978
20160418,428.81999999,432.8,427.2,430.31052983,46770.67435812
20160419,428.7,440.53415106,427.28621864,437.93750001,30095.27729175
20160420,437.93750002,448.54054299,434.15442601,443.12202632,41707.7556308
20160421,443.12202632,459.24500033,440.74000012,450.79900002,67739.88195091
20160422,450.79900455,456.74703717,445.63418304,447.539519,64890.05616896
20160423,449.28214327,454.82827541,446.62111001,453.11,29399.15866886
20160424,453.11,464.38504995,451,460.90144101,28173.24466087
20160425,460.90144101,474.06891535,456.55000001,465,60588.22044081
20160426,463.9,472.47999999,463.223,467.75,49164.7279618
20160427,467.75,469,443,443.02499607,105687.34272316
20160428,443.02499607,451.1,421.91,451,57940.84010883
20160429,451,484.484,445,455.94999999,34717.63027737
20160430,454.95450011,456.456,440.01,445.68435605,43524.47236297
20160501,445.68435605,455.2,442.0272721,446.99655141,20456.72330922
20160502,447.4470001,451.19999999,425.9,445,75384.13459414
20160503,445.00000446,450.9,440.2,450.858,22492.52913576
20160504,447.80000029,450.858,444.21390929,449.48999999,6435.24781342
20160505,445,451.89,444.54430455,446.1200002,19991.11077085
20160506,446.12000071,463.04787573,444.47999995,461,30812.34317849
20160507,459.89000015,461.9999,455.32799997,457.76002301,25239.04319469
20160508,457.76002301,463,455.41,459,14279.29329401
20160509,459,465.07029999,456.06,463.226,12764.58349906
20160510,460.50000925,464.8342,449.48999997,449.5,28709.13615075
20160511,449.5,455.71900601,449.48999997,450.23617237,20983.73112006
20160512,453.53999998,455.06,448.09,454.44000449,19977.31893749
20160513,454.44000904,457.98,450.13,453.37281795,22561.10049539
20160514,453.37281795,457.75,450,455.63002825,27114.7512498
20160515,455.63002825,463,454.26416333,459.15690131,26740.77420649
20160516,458,461.979999,450.9,453.97511699,46775.17480875
20160517,453.97511699,457.96737983,448.99999999,450.71421308,25510.06815936
20160518,453.5,456.69,443.80092386,447.98,71102.40400167
20160519,448.13000001,454.89813585,432.3333,434.36388823,96675.24782168
20160520,432.35,444.44444443,422.0071547,436.00000437,90187.04589928
20160521,436.00000874,440,418.17508636,435.35569089,53869.10433339
20160522,435.35569088,450,420,434.17000002,51438.68178118
20160523,434.17000002,444.97999999,430.00000001,441.27,31745.6864552
20160524,441.2700006,449,439.5000001,447.93890015,39450.44406213
20160525,446.99,453.35,444,445.26100055,29201.94786133
20160526,449.106,454.95834691,445,452,29263.18236875
20160527,452,477.85000015,450.76000448,460.00000005,179049.43162271
20160528,466.00811494,521,461,489,342700.04829804
20160529,491,551.00000005,480,525.20000331,345968.29122804
20160530,529.8419999,542.43419978,522.0149885,534.5,174162.68789993
20160531,537.99999998,549,510.50000001,529.99999,227226.83487321
20160601,529.9999999,541.99999999,517.28,535.5,203694.98466838
20160602,534.4530179,539.83129126,531.78309789,536.8725,75318.74626308
20160603,537,579,534.52000018,565.06714367,289992.08168272
20160604,565.1171004,592.17,560.00000003,574.49999999,263136.44789051
20160605,573,583.5,570,577.59999985,79908.90825906
20160606,577.01,586.01,574.06772283,584.00999998,92130.47835135
20160607,584.00999998,589,560.102,576,163525.70310898
20160608,578,583.12345678,569.1,583.12345678,52595.21104132
20160609,580.00003756,582.46999999,567.62649842,579.96999999,52841.78115776
20160610,576,579.99999999,573,579.13,50429.56938489
20160611,579.13,597,579.13,597,93658.1857426
20160612,597,683,594,666.96500001,504576.05826483
20160613,666.96500001,700.64880369,653.57765611,693,716875.95441873
20160614,691.99999999,698.9,585,674,1013464.8695996
20160615,672.54241495,697.546,662.33,691.999,375147.26561355
20160616,691.999,774.767,690.50989865,764,1064094.8533995
20160617,764,770.99999999,687.01,747,2372250.7186427
20160618,747.00000001,788.899999,705,757.89000001,1518681.2809665
20160619,757.89000001,775,741.019,763.419,622609.84965282
20160620,763.41899999,767,720.1,728.99999999,965227.01347185
20160621,723,727.37099934,639.7,668.50015,2234073.8425834
20160622,667.909,700.68280717,580,592.296,1758227.105393
20160623,592.296,649,555.1,634.67,1827667.6445977
20160624,634.67,687.48000001,630.50000012,660,1596492.1842475
20160625,665,710.00000001,640.02000001,663.45016787,953516.81540185
20160626,668.693,671.86199999,616.3810001,630,513858.37816416
20160627,630,656.66666666,621.01,656.66666666,360764.61106568
20160628,656.66666666,661.19993856,638,649.48524687,482132.01022492
20160629,648.43799993,648.62251249,616.6,637.5,401964.62064057
20160630,637.34850013,683.22,633.00000001,675.50000002,575967.80298964
20160701,671,690.32099999,666.7459996,677,484663.10209184
20160702,674.89989999,707.06764424,674,705,318780.03916881
20160703,705,706.99,641.51,657.28399283,563630.90353567
20160704,661.00437,681.99999999,635,677.30000001,690804.38955522
20160705,681.79999999,681.99999999,660,669.41998679,378608.23601473
20160706,665.00300536,680.63300012,665.00300536,677,224417.56576945
20160707,676.07599998,680.6,594,638.6,1068913.7977128
20160708,638.601,667.00000001,634.2,667.00000001,538638.54894403
20160709,665.001,669.65,623,651.99999989,593459.47623218
20160710,651.99999991,652,638,648.53100024,169653.32029482
20160711,650,664.48,645.0131,648.02000649,366451.59615726
20160712,648.02000649,678,645,666.66666666,321271.44365402
20160713,666.66666702,672.06099999,654,657.24999998,207745.44389853
20160714,655.24999998,669.9,651,659.50978497,218290.45754725
20160715,659.51,677.98,658,665.96077199,198798.39342965
20160716,668.39999987,672.8,659.95,667.47426499,148182.88447273
20160717,666.57426402,690,664.00000051,685,162614.5747232
20160718,685,686.68699479,668.325,676.953,375811.84732583
20160719,676.953,677.90999481,667.90000001,676.49999989,240125.97655618
20160720,676.33999481,677.41999477,661.55500001,667.23788745,178461.82072876
20160721,666.1200052,669.00298217,659.86262502,663.98300519,117382.71862675
20160722,664.01000519,670,641.30499564,646.75499481,376350.814651
20160723,647.595,658.21735,644.1210053,656.6399948,181302.3808553
20160724,654,667.09096814,651,664.49999833,402297.46062976
20160725,664.99999999,664.99999999,650.37997536,653,178546.50988444
20160726,653,662.01070364,639.51,655.08851717,660817.33277904
20160727,651.66600519,661.000009,642,657.99999999,234900.37798894
20160728,656.30001,659.5,654.00000013,656.34100519,44842.00640919
20160729,658.1,661.94,653.56999481,657.99001516,98827.36706817
20160730,661.21999466,661.21999466,652.001,656.42000519,83940.54391403
20160731,656.42000519,656.74701,616.88400325,624.84499481,518136.66642903
20160801,621.11001143,630.04001521,602.07155041,610.04999481,967261.73222139
20160802,605.01000519,616.7439333,462.94999479,531.60000008,3248971.6025291
20160803,531.60000008,590,511.073869,566.18900527,2149258.2379152
20160804,566.22900523,595.34100603,566.22900523,581.04100001,1041142.548837
20160805,581.04101016,584.97999998,569.000031,574.75600001,312077.75230956
20160806,574.99999999,592.001,563.001,582.53300002,524834.19440544
20160807,586.31999465,625,584.86400001,602.00004615,704568.22283066
20160808,602.00005616,613.34653466,591.78361695,597.99999899,348890.6146654
20160809,597.99999898,625.29967988,586.0000005,602.00001069,864945.24066901
20160810,602.00001067,619,590.00000001,594.68600519,722794.02353432
20160811,597.88499477,605.51249999,585.03,589.24000523,576238.32334481
20160812,589.01000077,603.21,582.6286338,587.04601803,439698.10930945
20160813,587.04601803,592.01916177,583.1,583.53000526,180267.94500036
20160814,585.60598364,585.60598364,561.0001,567.998863,611289.63355801
20160815,567.998863,598.875,561.01000001,565.7999886,429359.66774121
20160816,563.72220595,583.88999998,561.97999991,576.52023523,358097.22303074
20160817,576.52023522,580,566,574.85998412,266777.14028508
20160818,572.28900521,578.201,566,576.4709936,240698.904387
20160819,575.72953481,576.97628147,562.98575308,575.99006035,206821.74982274
20160820,575.00000111,584.0510751,570.31156601,581.99999999,204748.51369479
20160821,581.99999999,585.05,580.20000001,580.87500552,104998.96939323
20160822,580.87500552,594.98999999,578,588.38599481,499539.89856771
20160823,585.26300519,595,580.1,585.03999477,510550.87039172
20160824,585.03999477,589.81064312,578.50000001,583,247364.41754043
20160825,580.38000747,582.9899867,572.99999999,575.78999591,275660.25270053
20160826,575.00000122,585.92252841,574.05000008,578.97999795,277381.46506157
20160827,577.70001024,578.97999786,565.00000002,572.35799479,294008.561742
20160828,571.89799481,577.71735618,562.98575308,574.1719607,614303.30420393
20160829,574.17196075,589,570.6650052,573.6960052,879169.92209996
20160830,576.79999407,584.31999999,572.42180328,579.96000001,334361.12129914
20160831,581.17,581.83825636,572.02874947,573.81003125,338189.67664701
20160901,573.81003398,577.57754404,570.16069518,574.34090776,369562.63090024
20160902,574.34090776,598.61000177,570,576.01000003,570336.41129238
20160903,578.22741293,614.99799999,560.33,610.41999481,1252396.3845254
20160904,608.00000045,620,600,610.65,664441.5109972
20160905,613.45999479,615,603.30830002,610.10000541,665842.37937781
20160906,611.41062641,616.9,608,614.74713894,421109.8418378
20160907,615.85017282,623.9,609.726108,619.72886368,591237.2764883
20160908,619.02213382,635.6916378,615.33010519,634.26777916,409016.24861557
20160909,632.34000001,634.8999947,621.1,627.00000002,297066.86814298
20160910,627.00000002,630,623.30000021,627.99998771,118418.74856049
20160911,627.99998771,635.95,591.66395154,610.51369403,526386.42356186
20160912,610.51369335,618,607.43117447,611.99999999,374215.31610929
20160913,611.99999999,620.6,608.4,614.00100015,447833.11665427
20160914,614.00100015,618.30045086,612.55,615.59957393,227947.75185436
20160915,613.10901111,616.62578322,609,612.6,322701.37031769
20160916,612.6,614.48979942,608,608.47603904,232030.92939536
20160917,610.46602794,612.01975329,605.99999359,608.99999997,127673.80353956
20160918,608.99999999,617.47,606.89544201,612.35478011,185760.76909168
20160919,613.99999484,614.71983807,608.12198402,609.00000008,180273.75970092
20160920,609.00000001,616.98079117,603,603,493177.6361842
20160921,603,605.50918039,593.2,597.49999999,409252.44123803
20160922,597.49999999,600,595.02200012,597.15000008,258328.09971823
20160923,597.15000008,605.31364962,596.1489746,604.1449957,366227.04318889
20160924,604.1449957,608,602,603.79999964,135880.1672356
20160925,603.02468725,605,598.68232627,601.89673437,89145.62463227
20160926,601.49999997,610,600.34170207,607.80651197,197249.52357375
20160927,609.99999589,610.94593703,603.02469015,606.04401133,175943.48845669
20160928,606.61782325,607.24597648,603.17306638,604.20000002,104636.81827439
20160929,604.20000002,608.7,604.2,607.39999791,109545.96595032
20160930,607.26333193,612,605.00050011,611.5050501,136738.12111239
20161001,611.50505008,616.99999999,610.90421062,613.62569006,178032.64097111
20161002,615.32319552,615.66734371,607.50050313,611.66651183,127511.5105981
20161003,611.34805554,614.85,609.17596586,612.99999628,152064.09267578
20161004,611.44150158,613.78464703,608.58724194,612.26038093,135190.05309981
20161005,612.26038076,616.99999999,608.58704168,613.05897033,295410.21837351
20161006,613.05897033,616.35952319,611.51469128,614.00957436,210280.96484423
20161007,612.20060007,621.88716005,611.2,617.53312308,157596.36290983
20161008,619.86992,623.72135462,617.00000001,620.49000058,154673.92444533
20161009,621.29999998,621.32345625,615.5562341,617.00000001,144299.04030983
20161010,617.1,621.329,615.55726872,618.75470275,164969.39432048
20161011,619.99996996,643.5,618.25000002,642.96999999,615160.31910817
20161012,640.11000232,643.99999999,635.1,636.00050012,224711.81617849
20161013,636.0103,642.65,635.20012345,639.37842931,146657.17331893
20161014,639.15772223,642.7128,635.76290167,640,114740.43466096
20161015,639.999999,646,639,640.99999999,107106.06479872
20161016,640.99999999,646.6,639.75980949,644.4626621,157178.59768438
20161017,642.27598394,646.6,639.000001,640.60279395,531398.45134324
20161018,640.59878151,641.99999998,631.80876656,637,120703.9519177
20161019,637,641.94485909,626.05,632.53240637,231553.26171886
20161020,631.97998091,636.18943575,626.91,633.64964643,102001.98492524
20161021,633.64703413,637.16989999,630.48413396,632.88658111,67531.88181105
20161022,633.6,670.87468175,632.56031148,663,396924.45344407
20161023,662.70484868,669.02920717,655.01000003,658,216651.44499727
20161024,658,659.37826053,653,655.6,75592.35476123
20161025,655.00000001,666,652.96513003,658.48960538,233041.77911723
20161026,660.80550202,685.58889338,658.01810158,677.75246256,407044.62690663
20161027,677.75246256,689,675.1,688.90999999,415024.86753744
20161028,688.37474674,695,683.27333681,692.69796292,465447.39862917
20161029,692.39331469,724.5360206,691.23743598,713.14687271,1027083.2714664
20161030,713.15687271,716.21000062,695.14000258,702.10000142,682354.9917384
20161031,702.10000141,712.03122342,688,702.70116079,611620.33793933
20161101,702.7011555,744.60000001,700,734.96999879,1075941.3457445
20161102,734.88999996,748.9,723.86556408,747.79999999,495284.05693187
20161103,747.8,751.002387,674.1323,690.777557,1514572.967766
20161104,690.777557,712.83600687,684.44742857,708.73999977,449322.54825664
20161105,705.54914936,711.8,700,709.02999479,255763.89081467
20161106,708.99999947,721.90579101,701.35,712.37936,420875.97907032
20161107,712.37935984,714.99999751,698.91028213,705.453,264740.29015671
20161108,705.478,716,702.68039594,713.1480179,381995.64864273
20161109,713.1480179,743.12345678,709.42981963,723.49652225,1091849.5342245
20161110,724.9999457,727.07499999,710.01,716.89999719,328712.59789478
20161111,716.89999659,722.85815314,709.60421896,718.70645592,316613.37604502
20161112,718.70645592,720,699.07659926,705.0429297,310152.97434131
20161113,705.0429297,706.99999041,681.7228,700.10507388,548329.64844762
20161114,702.23999999,710.73657611,695,707.35,253720.71418093
20161115,705.46838108,717.90021102,705.42398115,710.3,221195.89030656
20161116,713,751.002387,709.05,743.42655325,777829.39066716
20161117,743.43000001,757.00695209,735,739.5,615579.43548796
20161118,739.5,755,734.1,752.2,316235.07363038
20161119,752.2,759,740,750.92000083,235718.4358395
20161120,750.92000083,757,715.65000002,732.00000001,518551.70084572
20161121,733.97639343,742.68668396,730,738.60300615,128153.50962135
20161122,740,751,731.58575284,748.17379309,357743.61596903
20161123,749.99999942,751,731.00000001,739.31710591,336861.3973458
20161124,742.35948016,745.00766316,728.28980075,737.70763551,332450.55241014
20161125,737.70763551,740.2053982,731.000002,740.2053982,205491.77469241
20161126,740.2053982,743,722.11138261,733.5,220043.15958653
20161127,733.0331055,738.020211,727.00000001,729.72890417,150402.29921818
20161128,727.50000001,735.83998546,727.5,731.31003027,115833.08435189
20161129,732.03938313,735.35,728.1044379,731.2,183662.22804274
20161130,730.41813611,745.17857021,727.89328149,738.5,247364.19801423
20161201,741.65669308,755,738.91291171,755,298924.97925776
20161202,755,782.43814906,753.35383601,775.72553148,681502.6531367
20161203,775.72553148,776.77583641,756.77694722,764.25973783,215171.17470712
20161204,767.51537252,772.5,761.97280902,771.79799933,147413.03580885
20161205,771.79799904,772.963,747,753.3400001,552583.81949421
20161206,753.49999593,763.51700987,748.87310374,758.21022346,659929.99765167
20161207,757.81649032,770.5,753,766.08939045,307676.74539652
20161208,766.06890174,773,760,768.52004359,179679.54892006
20161209,767.50000008,774,765.59723565,769.22,131317.73087181
20161210,771.95860026,776,769.1741091,774.97999209,116041.50607748
20161211,773.5,774.97999993,753.25670245,768,321391.5481194
20161212,768,780,767.47912171,779.09999996,272349.94501553
20161213,778.88888888,786.70933342,766.52,776.60000001,288850.61484197
20161214,776.60000001,781.99800122,773.19018763,777,159777.67044361
20161215,778.33748831,781.99800089,776.00001001,777.00427907,106829.10901279
20161216,777.00427907,784.7850419,774,782.32000001,131496.90174501
20161217,782.32000001,794.12969878,781.36038303,794.12969577,206571.50523606
20161218,794.12969576,795,785.50168337,789.30083165,126332.60814694
20161219,789.5,794.999999,786,793.17870645,180525.45908135
20161220,792.78692173,804.03440219,789.49985085,801.99499865,281043.61953672
20161221,800.07815395,829.99626099,796.91935265,828.99,531600.06039932
20161222,828.99,869,826.224,860.79999999,784872.18662461
20161223,860.49999999,920,841.89484999,918.90561655,1787126.8542354
20161224,917.00000009,918.90561637,880,893.60966646,828606.1838204
20161225,893.54640164,899.48946432,850.88369341,896.35444823,1391652.2947241
20161226,895.99,916.48999999,886.3237195,902,807680.43774602
20161227,904.35,939.98603,899.28789852,933.9368203,1161298.0387156
20161228,933.99289512,984.49999999,932.52200217,980.5,1697988.8175672
20161229,980.24135135,983.53352975,950.48662063,974.75099999,1397035.0881137
20161230,971.10000019,977,925.4,958.94500534,1526415.6804604
20161231,958.94500534,967.51,946,966.17368384,408137.76637232
20170101,965.00000055,1008.54999326,957.02,999.36463982,1196868.2615889
20170102,999.92218873,1034.32896003,994.00000044,1019.00000076,1847781.3863449
20170103,1019.00000076,1042.02336482,1010,1037.1,1367241.145063
20170104,1037.1,1148,1035.9006986,1136,4139509.1591641
20170105,1134.10000001,1159.103,882.01,998.8,9624745.136866
20170106,998.8,1024.88,870,896,5718737.7427937
20170107,896,910.8275191,818.45971802,907.19047915,4446078.05007
20170108,907,939.65955395,891.1,916,2712345.5780679
20170109,916.41832969,916.41833046,880,902,1561326.5181909
20170110,903.00000001,915.83230945,898,907.1,783912.57744492
20170111,907.92945179,927.82810365,751,781.81160101,6522541.3315688
20170112,781.85160104,832.87989967,752.0102,803.6952791,3077949.3504498
20170113,805.00000361,830.59290797,776.02899497,826,2009714.1107619
20170114,827,836.04000001,801.97500223,817.47703098,1110991.2121731
20170115,817.47703099,823.498,805,818.7012449,732380.16398741
20170116,818.762,834.15680536,816,829.00000001,643792.21530256
20170117,829.00000001,908.53017772,827.75970935,902.70000066,2679383.2936977
20170118,902.27579339,912,850,886.20000033,1959863.3497482
20170119,886.20000054,906.999999,883.3,900.23240036,1219112.3879597
20170120,900.30000001,902.42999999,882.5432,895,841765.1320593
20170121,895.09971139,928.51849391,894.00000001,925.70599998,1397883.9921076
20170122,925.70599998,939.06071045,894.10010012,924.11939955,1567170.0554924
20170123,923.99,927.2351,912.22165,912.22165,1425305.1990417
20170124,912.22165,923,884.281,885.00000008,2149635.0546418
20170125,885.10000044,899.99,882.08,892.66777263,948855.91472975
20170126,892.66777263,918,892.66777263,914.09767069,997564.75311133
20170127,916.00000001,921.65,907.8,917.02745093,781208.90448862
20170128,917.43677492,926,909.9873,918.58600386,828333.82823408
20170129,918.99000001,923,911.86040584,914.9998,372564.31351804
20170130,913,920,911.16052226,918,327532.95255875
20170131,919.1191873,970,916.75,967.12176383,1647534.6170477
20170201,967.75582245,986,955.4,983,1644502.3348428
20170202,983,1009.999999,968.2776983,1007.99699708,2242695.7436829
20170203,1007.99699708,1023,989,1015.04315425,1960600.2894197
20170204,1015.87273408,1040,1002.23999999,1032.95,1587073.4294643
20170205,1033,1034,999,1010,1448222.4411524
20170206,1008.57261956,1025,1007.30000001,1021.20000021,560751.24025699
20170207,1022.69999279,1055.29399983,1020.60000001,1052.00000003,1102651.502685
20170208,1052.00000003,1069.06999999,1015,1050.98999999,2142753.4290729
20170209,1050.6,1077.99999998,898.18028762,987.00000001,6958597.5427829
20170210,988.23458713,1004.99,901.99999995,995.29110341,2487858.5801233
20170211,994,1010,984.1,1000.50000023,1135899.4264698
20170212,1000.50000023,1005,991.57565803,996.50000001,621557.99590675
20170213,996.50000001,1004.20000001,975.85416898,995.11000001,857268.01021427
20170214,995.11,1019,988.91109699,1012.10000524,1207110.3803025
20170215,1011.19293063,1018,1002.32721451,1014.83589839,680988.27254322
20170216,1011.6,1045,1011.6,1039.49925987,964262.69031022
20170217,1039.49925949,1063.58,1035.00000001,1053.67070767,1311452.8862116
20170218,1055.11944577,1070,1051.11500341,1057.7862231,919652.58777619
20170219,1059.219,1066.19785215,1045.00000001,1058.17262239,707934.47204595
20170220,1058.08301527,1095,1040.00755062,1094.71027735,1387040.9288178
20170221,1092.24051989,1133.55363963,1083.333,1127,2656343.1489539
20170222,1126.99999999,1138.9786543,1108.55,1126,1182696.1070597
20170223,1126.49999999,1195,1120,1188,1936980.772604
20170224,1186.16100001,1225,1107.51,1188.11048987,7018124.0659106
20170225,1188.11048987,1191.116,1129,1153,2634468.543102
20170226,1153,1189,1134,1179,1216121.1929504
20170227,1179,1199,1171.37648778,1192.2,1453567.9543164
20170228,1196.48999991,1208.092,1178.11,1185.00000201,2167634.1192595
20170301,1188.04216581,1234.48999999,1183.0000001,1234,3283736.1922137
20170302,1231.17972735,1279.50000001,1212.26243937,1258.43,5983817.1276341
20170303,1258.45,1294.97999998,1252.50000002,1287.95000001,4588433.685983
20170304,1287.00000002,1291.53675867,1235,1267.99999982,3571027.4701457
20170305,1261.30000071,1280,1241.0899,1276.00290001,2335489.4368149
20170306,1279.87999997,1287,1267.75010435,1274.3162846,1890269.727893
20170307,1274.69300001,1282,1169.05515973,1231.26,6024888.0375216
20170308,1231.250001,1243.64892872,1143.00000021,1146.00000025,6603168.4357802
20170309,1146.40800021,1210,1135,1192.91479877,5097344.1165313
20170310,1192.91479876,1365,1000,1113,18086024.287537
20170311,1109.99999989,1200.00000001,1105,1175.00999951,7782516.5421708
20170312,1174,1232.3,1166.72254864,1224.4,5703290.3993873
20170313,1224.4,1249.00000004,1171,1237,8987304.3675635
20170314,1236.99999999,1260,1220.5,1243.22313985,4361732.4270018
20170315,1247.94999989,1267.51000001,1241.58999971,1255.0099998,5010240.605003
20170316,1255.1099998,1265.20000004,1119.31,1166,14513281.784091
20170317,1166,1173.99999969,1052,1070,17732666.664374
20170318,1070,1095.07999999,935,966.00000029,20086872.733984
20170319,971.29066,1063.456,965.00000003,1015.1,12207329.511626
20170320,1014,1053.49999998,1010,1036.88000006,5606782.1918047
20170321,1036.88000006,1123.4,1034,1117.97999765,9763917.2938416
20170322,1117.97999764,1118,986.22000007,1037.69999999,11601986.923637
20170323,1034.82316026,1057.006,1002.52000002,1034.99999987,5107689.1201645
20170324,1034.99999983,1037.50588201,930.1,942.51000039,13381400.049497
20170325,946.79999997,980.08958297,888.98999998,971.95083163,13539527.463583
20170326,971.95083163,1008.49999999,948.42378187,963.04740785,8418519.6536257
20170327,966.99999999,1046.52104237,957.673528,1040.25000001,9665623.1186773
20170328,1042.70581575,1066,1015.5,1042.34645781,7787918.0691067
20170329,1042,1057.98,1008,1040,6149111.6021545
20170330,1040,1053.29999995,1022,1040.59908959,7528565.3023409
20170331,1040.59908959,1095,1036.79880654,1081.36295113,10672163.567536
20170401,1078.15705958,1107.11526922,1069.00000101,1095.87488705,6334579.8717233
20170402,1095,1140,1075,1106.63248382,17178718.541374
20170403,1107.797979,1161,1101.01,1151.2102033,17393398.7283
20170404,1151.2102033,1164.43609029,1122.38204087,1143.90818147,10546892.970701
20170405,1143.90818147,1147.88568475,1113.49769376,1139.99999994,10383414.545307
20170406,1137.2656011,1220,1137.23976888,1193.92000001,14807549.44844
20170407,1194.11636853,1208,1176.52610038,1197.58999997,9709020.7560589
20170408,1197.58999997,1207.76999999,1172.40000002,1189.68903824,5942459.3575465
20170409,1189.68903823,1227.32926696,1180.00000002,1216.54157433,7033619.5967046
20170410,1216.54157429,1228.99999993,1202,1219.49999999,4710062.2081547
20170411,1219.54999997,1246.17325885,1205.98,1235.99999901,4563138.8670314
20170412,1235.3121445,1240.24999996,1220.57,1227.00000044,6514305.7260039
20170413,1227.00000035,1240,1160.99998944,1186.00000004,9560771.8801522
20170414,1188.98989872,1221.73333333,1183.98989962,1207.5051791,5774865.9823952
20170415,1207.5051791,1218,1185.99999959,1194.54959853,4947169.9788501
20170416,1193.94839339,1217.00000001,1190.00000009,1212.5,3253026.4592128
20170417,1212.56,1240.48624047,1205.26,1238.99999999,7497021.9530006
20170418,1238.99999999,1279.99999999,1236.50000223,1268.04810031,9455075.6645271
20170419,1265,1293,1257.00000001,1262.88999999,6540119.5128344
20170420,1262.89,1328,1260,1306.65000023,8629088.8722415
20170421,1306.65000023,1334.99999999,1305.55,1328,6823843.60854
20170422,1328,1349,1291.63403611,1346,6871016.032421
20170423,1345.3667575,1366.9,1336.33991796,1352.19356875,7462767.432938
20170424,1352.19356875,1357.76054805,1325.95555477,1347.39901051,7107234.2429539
20170425,1346.86288997,1380.81459654,1341.0960042,1371.30000001,6630005.3390622
20170426,1372.98,1412.93003847,1364.65264554,1398.62832429,8147237.9505366
20170427,1398.62832429,1448.88882222,1390.00000009,1439.38101398,9877013.957389
20170428,1439.38101398,1450,1369.54757195,1413.29999998,12034818.981516
20170429,1413.29999997,1438,1404.1203479,1424.63835519,11151114.554715
20170430,1424.63835515,1442.75347154,1402,1435.08977391,9521701.9646241
20170501,1435.08977389,1585.16,1429.01149368,1529.99999999,20038395.802244
20170502,1529.99999999,1615.02380427,1510,1561.907,11571053.71835
20170503,1562.14433334,1628.88882222,1545.30940914,1615.62000002,15060856.611379
20170504,1615.62,1699.13,1515,1603.89857162,26329240.648002
20170505,1603.89857162,1663.9717299,1454.12233181,1543.4,32397184.731807
20170506,1543.40000001,1629.48,1540.34490983,1598.2058167,21397848.989857
20170507,1598.2058167,1657,1568,1620.15,30423501.191191
20170508,1621.99999994,1723.99999999,1609.99000001,1705.6743542,35687457.648562
20170509,1705.6743542,1813.8000001,1690.09940342,1758.51393978,31031382.589537
20170510,1758.89751477,1816.38960565,1705.1,1799.99999997,19590186.244489
20170511,1799.99999997,1900.99899995,1757.41238003,1860.10327257,23108792.967502
20170512,1857.5438325,1876.88899399,1704,1735.70623556,22671159.462042
20170513,1735.70623556,1828.56892521,1651.95470847,1822.18209573,15487324.079017
20170514,1822.18209573,1855,1776.777,1826,11894862.005852
20170515,1821.00000004,1835,1720,1771.09832331,17995978.976383
20170516,1774.4785105,1799.99,1719,1787.00000024,20535506.520349
20170517,1790.98999949,1897.9,1770.13994165,1872.99999994,25413098.858037
20170518,1872.99999999,1948,1852.28556046,1942.14469914,18368974.30046
20170519,1942.2612287,1994,1925.99999996,1966.99999984,21303398.31478
20170520,1966.9999998,2075.51461898,1959.94713601,2074.60645908,18428479.181757
20170521,2073,2099.99999999,1985,2030.99999999,19641402.589295
20170522,2030.99999996,2229.19999997,1975.19120351,2090.00000006,32492458.446294
20170523,2092.00000003,2245,2065,2244.89495691,23111448.180548
20170524,2244,2447.99999999,2220,2389.00000017,34548265.730881
20170525,2389.0000002,2698.36062429,2075.05493865,2210,71553361.438062
20170526,2210,2484.45555317,1928,2130.82794284,64314551.745563
20170527,2135.5,2205.56738819,1538,1972.76599998,92665867.003232
20170528,1971.62,2196,1850,2057.10000001,53655830.894775
20170529,2054.60213318,2252.3002892,1976.01000001,2207,33996389.987358
20170530,2207.00000001,2284,2050.5,2139.99999999,40157964.723235
20170531,2139.99999998,2240.50000002,2005.93937735,2196.99999967,32306413.202331
20170601,2196.99899999,2368.55663483,2171.08644538,2314.59525181,40944880.757948
20170602,2322.20898,2413.92321999,2267.9299436,2408,22364557.424392
20170603,2413,2482.25,2344.2680156,2455.30084836,23687278.961569
20170604,2460.22139999,2497.21329063,2374,2483.55,21332021.248219
20170605,2483.55,2635.35652085,2477.48999998,2635.35652085,22372229.837905
20170606,2635.00000005,2894.99999999,2580,2846,81923184.446165
20170607,2846.00000001,2862.54525257,2564,2645.50430872,49070430.356723
20170608,2645.50430872,2797.14511794,2558.9,2788,34013412.940554
20170609,2786.16326382,2850.99999949,2769.11589253,2816.09973687,25275425.99678
20170610,2813,2906.16026926,2760,2811.82022002,30620792.046735
20170611,2803.99990001,2977,2784.00000002,2937.1,30830678.595825
20170612,2937.1,2965,2300,2571.05013426,88704710.63544
20170613,2566.50556852,2750,2513.58496152,2676.77469678,42251296.767639
20170614,2671.00086237,2729.21,2273.1,2386.78070979,63183088.135901
20170615,2386.7807098,2459.85750006,2012,2374.46992685,104677533.97412
20170616,2374.46992799,2477.48703455,2240,2435.00000001,43479966.625069
20170617,2438.49136377,2640,2369.61451577,2607.14769572,36800919.715181
20170618,2607.14769572,2640.44856603,2408,2492.3,46411759.478332
20170619,2491.12119074,2596.3421559,2481.49782383,2583.04709526,28294406.623223
20170620,2584.99999992,2785.52657367,2563.73,2668.00000301,36903854.052626
20170621,2668.00000301,2775.81626497,2541.20794418,2620,43815656.010359
20170622,2624.90653876,2704.94331536,2544,2673.37636987,22304647.568062
20170623,2675.32267508,2720,2650,2670,13090231.864388
20170624,2670.881526,2687.99999999,2450.92370001,2503.48203847,34088563.732193
20170625,2503.4303456,2602.08518563,2359.10291486,2481.8117977,41560204.433619
20170626,2479.9,2508.92659464,2192.00000001,2395.28891992,73840480.752938
20170627,2393.38025002,2515.99999999,2168.333,2510,62426319.778939
20170628,2510,2560.79000002,2390.38105202,2513.00000002,39676839.183427
20170629,2517.99999998,2539.5783773,2398.9622295,2468.47472319,31738707.57099
20170630,2466.44776592,2510,2402.11,2423.6613876,22464915.807933
20170701,2423.66138761,2441.99999996,2284,2346.54237323,27320209.019652
20170702,2346,2465,2295.4139943,2435.14325217,24458197.645721
20170703,2438.58276941,2591.89899,2417.54545454,2536.4577091,32364235.437645
20170704,2535.69695163,2624.12345003,2530.01475643,2603.0000001,7872389.9394885
20170705,2579.9544137,2619.90012345,2480.61,2599.00010597,19375861.158388
20170706,2599.00014572,2605.44380335,2546.38790528,2589.9457086,13985440.225324
20170707,2587.05608579,2599.81347213,2423,2477,30327873.809744
20170708,2476.99999997,2549.27253246,2420,2549.27253246,22059814.777304
20170709,2549.27253246,2559,2470,2473.1147386,14494306.767811
20170710,2474.88862999,2499.59999999,2244,2316,45871920.07411
20170711,2316,2375.425162,2183.00000001,2283.99552336,57419123.935356
20170712,2283.99552336,2398.445,2195.00000004,2375.92499996,40112388.629013
20170713,2376,2400,2284.01,2327.26714203,32875535.077485
20170714,2327.3,2350,2133.99999997,2205.90730017,33293525.850205
20170715,2205.90730018,2213.87290324,1972.00001,1977.5,59275252.46186
20170716,1977.5,2054,1835.00027699,1925.89999989,66403515.271259
20170717,1922.19330015,2224.84499999,1922.19330015,2223.40308238,59429221.78286
20170718,2223.40308238,2390,2117.27096332,2299.99999958,74187365.781234
20170719,2299.99999951,2409.90497,2210,2249.99999972,53165309.176763
20170720,2249.99999972,2925.99999999,2246.91570781,2855,115996549.015
20170721,2850.95,2864.00000006,2600.5,2666.69902964,74807686.659492
20170722,2669.65585919,2909.51102727,2646.5026124,2847,58251215.17102
20170723,2847.00000004,2880.1512172,2655,2751.43083445,45486459.59329
20170724,2751.43083446,2815.51744787,2705.01,2769.36363636,32987032.014307
20170725,2769.36363637,2800,2417.33001,2565.99999948,102645701.46694
20170726,2565.99999948,2619.96493511,2400,2526.35064673,52104922.715903
20170727,2526.35064674,2695.65148429,2506.44022736,2669.999998,36320872.791147
20170728,2669.99999799,2844.23,2660,2789.98120002,54072388.339692
20170729,2788.5,2794.9,2659.00000005,2719.00000003,25901757.130231
20170730,2723.5697957,2753.48609939,2619.97526495,2753,22700308.589035
20170731,2753.48609939,2882.99999994,2692.17417055,2855,29353388.684545
20170801,2855,2927.00000002,2640,2736.48268487,52056978.710515
20170802,2736.38268496,2760.46813195,2667.6606257,2699,23714653.950686
20170803,2699,2808.77059872,2698,2794.88999995,15339545.638192
20170804,2789.12000004,2879.90000004,2762.00000002,2863.0099985,17359065.526864
20170805,2858.00002018,3333,2852.82382318,3256.53665595,61195311.48266
20170806,3253.00000004,3309,3143,3228.99999993,28805789.40803
20170807,3228.99991998,3436.20089999,3191,3398.99999999,29894673.359708
20170808,3397.99999999,3480,3350,3411,38268744.516578
20170809,3405.99999998,3429.42220025,3229.18977781,3334.33601873,33829413.320405
20170810,3337,3444.999999,3306.19746171,3415.86609324,21173252.151403
20170811,3418.86609323,3674.9,3400.88,3641.33709998,26030562.907956
20170812,3648.99999994,3767.50499997,3591.56508346,3767.50499997,10854285.361622
20170813,3865,4254.88402546,3833,4025,68906069.908798
20170814,4051.69740436,4245,3965,4186,18614859.766028
20170815,4310.92800002,4426,3761.70461157,4149,80209337.179699
20170816,4146.00000001,4395.55499999,3926,4380.99999999,40427286.664403
20170817,4380.99999999,4489.20999994,4180,4262,47385213.473242
20170818,4262.00000001,4354,3960,4090,53465748.50672
20170819,4090,4187.8917385,3910,4137.62063907,60390800.933055
20170820,4148.31645086,4185.5046549,4035.33083709,4074.84913119,27106681.999013
20170821,4074,4100.6799598,3950,3994.00000003,39085823.926302
20170822,4003.56396757,4095,3601.00000005,4064.5176,62015463.992713
20170823,4060,4249,4020.00000003,4136,42682951.088524
20170824,4132.00000001,4365,4105,4321,31337716.371695
20170825,4321,4455.123,4261.19417368,4352.00000091,30468459.336863
20170826,4352.43520091,4375,4248.61386148,4354.95,23976332.051985
20170827,4354.94999999,4398,4249.39291,4321.66862636,19857203.619393
20170828,4330,4399.99,4170.0000005,4380.009999,32598240.17618
20170829,4380.009999,4650,4336,4590.00000001,31750225.494503
20170830,4590.00000002,4632.19603703,4465.89999997,4573.3974586,23325733.047973
20170831,4567.7,4742.4189453,4563.93900054,4715.15472512,23692351.824155
20170901,4715.15472512,4900,4664.63384397,4899.00000047,41131095.695636
20170902,4899.99999999,4950,4361.18000002,4511,88448299.7225
20170903,4511,4730,4330,4604.23005,44240707.04095
20170904,4604.23005,4609.41189999,4021.8,4208.99999996,81228486.311874
20170905,4208.99999996,4472.35273107,3910,4385.95793389,59766471.945184
20170906,4385.8548202,4630.57664352,4349.09835001,4589.00866529,37845268.4055
20170907,4592,4685.12007432,4447.22235,4613.67058239,28578683.165968
20170908,4613.67058241,4678.1,4050,4301.07510754,74450350.712083
20170909,4308.52943341,4377.59999999,4150,4321.06375806,25031316.480883
20170910,4322.14135638,4322.93224359,3973.65663723,4230,37275561.787996
20170911,4229.99998942,4370,4120.786,4200.21000001,27663201.714656
20170912,4200.21000003,4376.40009654,4050.7196195,4143.7887779,32206815.425438
20170913,4143.7887779,4158.54014199,3738,3863.99999999,59770375.786067
20170914,3860.40366478,3931.34184627,3203,3225.00000019,96664634.780868
20170915,3225.00000059,3817.74999997,2927.40000002,3696,139231789.90144
20170916,3696,3895.00000002,3504.761,3686.19615279,50749399.288485
20170917,3685.1,3772,3470.11000004,3677.99675073,29313504.897916
20170918,3671.0002,4114.27670678,3671.0002,4078,43856927.245025
20170919,4077.61645508,4109.69756083,3830.00000001,3900,33325193.431471
20170920,3900,4048.47,3831.10000001,3875.95761909,20882425.703425
20170921,3875.00000015,3918.21099997,3558.00000001,3600.00000001,36493119.009385
20170922,3600,3745.37997275,3490.20653793,3590,31037034.319058
20170923,3589.99999959,3811,3556.00001,3784.99999999,18063911.355514
20170924,3784.99999999,3802.26862745,3612.27878477,3659.45499703,10850221.916853
20170925,3659.45499703,3975.3307,3655.88281585,3925.95699997,24529373.544617
20170926,3925.93999999,3990.9,3845,3880.729,15261636.181233
20170927,3880.729,4234.25902018,3879.00000001,4202,28598100.132058
20170928,4204.21290001,4277.99999989,4110.00000002,4190.00838781,26059130.215439
20170929,4189.8783878,4245,4010.1,4168.0678793,24329621.970669
20170930,4170,4390,4164.00000001,4365.00000006,16074622.837572
20171001,4365.00000006,4421,4255.51288978,4412.79348634,13036065.405006
20171002,4412.79348634,4486.99999999,4358,4401,16503106.174588
20171003,4401,4434.01234,4216,4308.88,17628673.696058
20171004,4311.05341807,4350.83575743,4173.30560003,4213.30042629,12156970.632115
20171005,4213.30042629,4368.58692255,4131.00000007,4317.0654709,14102080.415096
20171006,4317.06547089,4423.75492629,4298.32,4371.63623916,9684440.082593
20171007,4371.63623912,4480,4314.00000001,4440,12568479.037771
20171008,4440,4633.39225828,4420.71604367,4611.00000019,19782392.987906
20171009,4617.75757253,4888,4553.12640386,4787.65755,28600172.201272
20171010,4782.86989244,4939.13,4714.83272866,4770,22146485.271026
20171011,4770,4875.47850202,4720,4820.00000001,11401863.434754
20171012,4826,5444.36749996,4820.00000001,5441.55460001,42509665.702337
20171013,5444.36749995,5862,5385.60000002,5646.6291435,65662685.365964
20171014,5646.81105826,5850,5560.176205,5832.72549999,20431178.047336
20171015,5839.99999995,5880.87,5434.14000003,5715,36914135.984565
20171016,5715.00000001,5800,5565,5765,31343494.34654
20171017,5765,5780.10765528,5512.68447392,5609.38701781,26958951.01156
20171018,5609.3870178,5609.3870178,5100,5562.99999973,42728638.503172
20171019,5569.64953294,5737.90918111,5495.86543267,5696.65487095,22373731.47278
20171020,5696.65487095,6095,5600.09056759,5992,31671110.599309
20171021,5990,6180,5865,6009.33864396,33916718.483332
20171022,6009.33864396,6069.99999999,5707.36180313,5963.68434001,29397655.89187
20171023,5975,6058.99999998,5500,5899.99999999,39264109.488824
20171024,5900,5900,5460,5508.76,39942309.385756
20171025,5500.00000003,5745,5362.39,5709.31000001,23695905.619236
20171026,5709.31000001,5968,5669.10470001,5880.00000001,24489995.607452
20171027,5882.00000001,5999.00201,5683.1844118,5756.51178353,18054468.287269
20171028,5756.51178354,5870.32000074,5641,5719,11070228.503588
20171029,5719,6248.63,5670,6155,33176735.611668
20171030,6155,6246.07500019,6004.39742146,6125,17545716.861177
20171031,6121.35190656,6475.44007663,6091.09,6450.02162843,24118456.124153
20171101,6455,6739.791199,6351,6739.791199,30821269.442537
20171102,6739.79119899,7281.42800003,6607.30296794,7025,74401788.913629
20171103,7025,7438.62920135,6921.23923663,7124.35999982,42603430.778345
20171104,7124.35999982,7440.00000004,6864.16306531,7365.99999999,36762707.584537
20171105,7360.00000009,7599,7250.3,7379.16813705,32231637.398836
20171106,7379.16813705,7420,6908.51315854,6929.97042124,47092577.364804
20171107,6929.97042124,7250.99999997,6929.97042124,7084.87344467,29114065.737518
20171108,7084.87344467,7770.99929997,7000,7409.99999999,68447769.287297
20171109,7398,7441.99999994,6955.47946617,7020,44561094.134016
20171110,7020,7277.39199995,6315,6543.20421755,90827394.139463
20171111,6544.4404005,6800,6150,6300.00000041,82349719.452908
20171112,6318.99999999,6549.00000006,5151,5834.99999999,170040869.59164
20171113,5840.54588383,6701.98532544,5773.22256332,6475.7786365,113649124.66403
20171114,6477.99999999,6687.99999997,6299.35892763,6554.91826454,44315475.662529
20171115,6554.91826454,7298.35,6554.91826453,7275.1192,67128214.469818
20171116,7275.1192,7980,7082.12862336,7858.00100004,83626670.641329
20171117,7858.999,8022,7511,7687.51011467,69824314.893926
20171118,7687.51011467,7855.180018,7413.00000009,7770,44817158.422224
20171119,7768.3834313,8131.29887311,7650.00000001,8060,41462129.384962
20171120,8076.49966669,8299.754,7951,8249.00000001,34280280.986163
20171121,8249.00000001,8389.16699997,7807,8107,67393997.555178
20171122,8107,8319,8077.8244035,8213.64556508,35871100.193125
20171123,8213.64556508,8268.31399996,8000,8000,44926073.522192
20171124,8000,8338.58061257,7890,8198.93,57726796.506578
20171125,8190.00050001,8709.99999914,8144.52362511,8709,55753752.55269
20171126,8709,9350,8682.99999994,9284.33658751,69116873.941227
20171127,9284.33658751,9730.00000016,9211,9711.00000013,79743097.65321
20171128,9711.00000014,9951.42766235,9599.99999987,9879.96875865,61246815.565514
20171129,9882.09865999,11447.09553169,8700,9702,255694366.39002
20171130,9730.99999955,10570.10000001,8861,9907.67682035,139091071.86224
20171201,9907.76,10829.585001,9350.3,10699.888888,76715777.337918
20171202,10699.888888,11197.80895967,10595.00515206,10895.7862823,73453885.354546
20171203,10895.7862823,11847.88172105,10465,11174.99999992,118265649.11227
20171204,11174.99999992,11600,10800.8245999,11600,62134737.343657
20171205,11600,11867,11411.70741524,11665.13875565,56783902.300805
20171206,11665.13875565,13666,11641.00000001,13580.90538838,141297888.00586
20171207,13580.90538838,16672,13092.27285484,16563.50743405,244169690.64637
20171208,16563.50743405,17200,13899.9999999,15847.67803098,230420652.31763
20171209,15847.67803098,16234.14,12919,14690.2198385,137360332.40278
20171210,14690.21983851,16000,12700.006,14906.01490599,162397487.41352
20171211,14929.8,17450,14906.00000001,16478.96,141877409.19868
20171212,16478.96,16980,15667,16227.9999999,144285571.10476
20171213,16227.9999999,16530.000001,15100,15907,150292580.36163
20171214,15939,16668.00000001,15451,16401.52900029,137992588.72553
20171215,16401.52900033,18000,16300,17540,150193595.85286
20171216,17540.00000005,19764.788462,17250.99999998,19223,117335298.74412
20171217,19222.99999997,19903.4402144,18569.63785309,18959.19999967,140092326.44647
20171218,18959.19999966,19200,17805.43793687,18930.53404981,152446347.02492
20171219,18930.53404981,19000,16502,17309.99999999,193311486.52772
20171220,17309.99999999,17835.00000003,15550.00000008,16470,234537121.84674
20171221,16403.59874676,17375.98798753,14500,15293,186951564.06661
20171222,15180.00000001,15519.79447536,11362.39,13247.06419074,396038503.84234
20171223,13200.00000001,14940,13000,13830,162555092.92983
20171224,13830,13999,11703.13716406,13517.00000009,172488515.64539
20171225,13510.98484645,14300,12702.8464126,13637.99999972,83950439.713653
20171226,13637.99999972,16050.65549987,13510.53958989,15700.085745,125250306.98157
20171227,15690.00000006,16500.90800028,14454,15370.01000001,124139342.61595
20171228,15370.01000001,15464.07930619,13260.01051,14307.3458536,130806984.96319
20171229,14307.3458536,15100,13770.00000005,14305.53422499,100213730.25999
20171230,14305.53422499,14365.38790685,11701.00000003,12351.93000029,164673298.68738
20171231,12390,14145,12205,13769.34198361,94241790.44347
20180101,13799.99999984,13891.99999996,12800,13351.7394064,78833063.078719
20180102,13400.71449717,15325,12875,14738.00000001,109224074.69754
20180103,14731.20000023,15440.725015,14476.14012492,15150,106036383.51469
20180104,15150,15400.00000004,14083.91135919,14999.2352909,100946549.73787
20180105,15167.62803252,17108,14772.4649684,16924,127071935.80705
20180106,16923.99999996,17257.08719135,16200,17158.72758957,76125226.327979
20180107,17158.7275,17177.44769997,15683.8615253,16174.43357169,72935547.105704
20180108,16170.7066618,16277.49999996,13268.188,14922.81071439,132386233.27782
20180109,14915.08478054,15427.83421139,14110.83932393,14388.06253537,79106643.468573
20180110,14388.06253538,15000.00000006,13270,14854,109754014.55468
20180111,14854,14931.00000004,12593.46211929,13291.67567771,131799939.74552
20180112,13255.00000168,14119.63214537,12600,13812.52734302,67634697.851652
20180113,13812.52734302,14591.36669224,13758,14204.99999789,46584640.495383
20180114,14178.00000001,14449.0273932,12853.99999974,13560,65638686.272321
20180115,13560,14300,13304.02596262,13580,53535285.42452
20180116,13580,13589.88232828,10000,11102.69798098,198203240.6128
20180117,11041.42197477,11800,9150.28999997,11036.11532467,170671826.8403
20180118,11088.99122314,11900,10400,11010.00009,119824231.84062
20180119,11010.00009,11750,10641,11410.53924928,60647072.418535
20180120,11412.12,13400,11406.70000101,12750.17487957,83448831.482163
20180121,12748.89985765,12750.17487364,10950,11510,77777897.885063
20180122,11510,11896.06346557,9947.99999998,10767,92371635.394113
20180123,10767,11400,9880.00000009,10807.7699848,72381369.277563
20180124,10829.99999963,11516.79592154,10350,11388.8,53417007.865987
20180125,11388.7838514,11722.64501562,10890,11170.46487644,43995430.318203
20180126,11167.46487651,11635.62260994,10293.1857382,11079.309822,68040992.544272
20180127,11079.309822,11650,10824.81809367,11480.56138879,44932560.260247
20180128,11480.56138955,12200,11425,11849.99989962,48878713.473869
20180129,11849.99989962,12000,11100,11227,35761454.807131
20180130,11235.46599465,11271.32887049,9850,10181.53934991,67375546.228963
20180131,10184.66464945,10424.62688464,9700.46388593,10261.25665107,42316889.544944
20180201,10261.25665108,10367.78412393,8820,9199.57000007,57494536.756159
20180202,9199.57000009,9211.44851783,7966.88926862,8872.00000009,100201900.72844
20180203,8890.977208,9497.134812,8207.79288033,9216.41034089,51414495.727375
20180204,9215.56138953,9400,7900.05161,8168.01000005,53690353.476276
20180205,8195.26036052,8369.99999998,6666.6666666,6960,120383256.53706
20180206,6957.00000001,7921.69007689,6012.62120401,7723.99999884,153123114.49307
20180207,7719.43699777,8640,7200,7568.39928201,92900223.399824
20180208,7584.00167162,8700.09999999,7568.39928203,8200,54701344.362441
